city_name,county_name,town_name,cctv_score,light_score,crime_score,police_score,bicycle_score,scooter_score,bus_score,metro_score,park_score,walk_score,mall_score,mart_score,restaurant_score,library_score,cinema_score,culture_score,pharmacy_score,total_score
서울시,종로구,청운동,10.0,4.0,4.0,4.0,4.0,4.0,4.0,4.0,4.0,4.0,4.0,4.0,4.0,4.0,4.0,4.0,4.0,68.0
서울시,종로구,신교동,6.0,8.0,4.0,4.0,4.0,4.0,4.0,4.0,4.0,4.0,4.0,4.0,4.0,4.0,4.0,4.0,8.0,80.0
서울시,종로구,궁정동,10.0,4.0,4.0,4.0,4.0,4.0,4.0,4.0,4.0,4.0,4.0,4.0,4.0,4.0,4.0,4.0,4.0,68.0
서울시,종로구,효자동,10.0,8.0,4.0,4.0,4.0,4.0,10.0,4.0,4.0,4.0,4.0,4.0,6.0,4.0,4.0,4.0,4.0,80.0
서울시,종로구,창성동,10.0,8.0,4.0,4.0,4.0,4.0,4.0,4.0,4.0,4.0,4.0,4.0,8.0,4.0,4.0,4.0,4.0,76.0
서울시,종로구,통의동,4.0,10.0,4.0,4.0,4.0,4.0,4.0,4.0,4.0,4.0,4.0,4.0,10.0,4.0,4.0,4.0,10.0,92.0
서울시,종로구,적선동,10.0,6.0,4.0,4.0,4.0,10.0,4.0,4.0,4.0,4.0,4.0,4.0,10.0,4.0,4.0,4.0,4.0,82.0
서울시,종로구,통인동,6.0,10.0,4.0,4.0,4.0,4.0,4.0,4.0,4.0,4.0,4.0,4.0,10.0,4.0,4.0,4.0,8.0,88.0
서울시,종로구,누상동,8.0,8.0,4.0,4.0,4.0,4.0,4.0,4.0,4.0,4.0,4.0,4.0,4.0,4.0,4.0,4.0,6.0,76.0
서울시,종로구,누하동,4.0,10.0,4.0,4.0,4.0,4.0,4.0,4.0,4.0,4.0,4.0,4.0,10.0,4.0,4.0,4.0,10.0,92.0
서울시,종로구,옥인동,8.0,6.0,4.0,4.0,4.0,4.0,4.0,4.0,4.0,4.0,4.0,4.0,4.0,4.0,4.0,4.0,6.0,74.0
서울시,종로구,체부동,4.0,10.0,4.0,4.0,4.0,4.0,4.0,4.0,4.0,4.0,4.0,4.0,10.0,4.0,4.0,4.0,10.0,92.0
서울시,종로구,필운동,6.0,8.0,4.0,4.0,4.0,4.0,4.0,4.0,4.0,4.0,4.0,4.0,8.0,4.0,4.0,4.0,8.0,84.0
서울시,종로구,내자동,8.0,8.0,4.0,4.0,4.0,10.0,10.0,4.0,4.0,4.0,4.0,4.0,6.0,4.0,4.0,4.0,6.0,90.0
서울시,종로구,사직동,8.0,8.0,4.0,4.0,8.0,10.0,6.0,4.0,4.0,4.0,4.0,4.0,6.0,6.0,6.0,4.0,6.0,94.0
서울시,종로구,도렴동,10.0,4.0,4.0,4.0,4.0,4.0,4.0,4.0,4.0,4.0,4.0,4.0,10.0,4.0,4.0,4.0,4.0,74.0
서울시,종로구,당주동,8.0,8.0,4.0,4.0,4.0,4.0,4.0,4.0,4.0,4.0,4.0,4.0,10.0,4.0,4.0,4.0,6.0,82.0
서울시,종로구,내수동,10.0,6.0,4.0,4.0,4.0,4.0,4.0,4.0,4.0,4.0,4.0,4.0,10.0,4.0,4.0,4.0,4.0,76.0
서울시,종로구,세종로,10.0,4.0,8.0,4.0,8.0,8.0,6.0,4.0,4.0,10.0,4.0,4.0,4.0,10.0,10.0,10.0,4.0,106.0
서울시,종로구,신문로1가,6.0,4.0,4.0,4.0,10.0,10.0,10.0,4.0,4.0,4.0,4.0,4.0,10.0,6.0,6.0,4.0,8.0,104.0
서울시,종로구,신문로2가,10.0,6.0,8.0,4.0,8.0,10.0,6.0,4.0,4.0,4.0,4.0,4.0,6.0,8.0,8.0,10.0,4.0,102.0
서울시,종로구,청진동,10.0,6.0,4.0,4.0,4.0,4.0,4.0,4.0,4.0,4.0,4.0,4.0,10.0,4.0,4.0,4.0,4.0,76.0
서울시,종로구,서린동,4.0,4.0,4.0,4.0,10.0,10.0,4.0,4.0,4.0,4.0,4.0,4.0,10.0,4.0,4.0,4.0,10.0,98.0
서울시,종로구,수송동,10.0,6.0,4.0,4.0,4.0,4.0,4.0,4.0,4.0,4.0,4.0,4.0,10.0,4.0,4.0,4.0,4.0,76.0
서울시,종로구,중학동,10.0,4.0,4.0,4.0,4.0,4.0,10.0,4.0,4.0,4.0,4.0,4.0,10.0,4.0,4.0,4.0,4.0,80.0
서울시,종로구,종로1가,8.0,4.0,4.0,4.0,10.0,4.0,10.0,4.0,4.0,4.0,4.0,4.0,10.0,4.0,4.0,4.0,6.0,90.0
서울시,종로구,공평동,8.0,4.0,4.0,4.0,4.0,10.0,4.0,4.0,4.0,4.0,4.0,4.0,10.0,4.0,4.0,4.0,6.0,84.0
서울시,종로구,관훈동,10.0,8.0,4.0,4.0,4.0,4.0,4.0,4.0,4.0,4.0,4.0,4.0,10.0,6.0,6.0,8.0,4.0,86.0
서울시,종로구,견지동,10.0,6.0,4.0,4.0,4.0,4.0,10.0,4.0,4.0,4.0,4.0,4.0,10.0,4.0,4.0,4.0,4.0,82.0
서울시,종로구,와룡동,10.0,4.0,4.0,4.0,4.0,8.0,4.0,4.0,4.0,4.0,4.0,4.0,4.0,6.0,6.0,8.0,4.0,80.0
서울시,종로구,권농동,8.0,10.0,4.0,4.0,4.0,4.0,4.0,4.0,4.0,4.0,4.0,4.0,4.0,4.0,4.0,4.0,6.0,78.0
서울시,종로구,운니동,10.0,6.0,4.0,4.0,4.0,4.0,4.0,4.0,4.0,4.0,4.0,4.0,6.0,4.0,4.0,4.0,4.0,72.0
서울시,종로구,익선동,4.0,10.0,4.0,4.0,4.0,4.0,4.0,4.0,4.0,4.0,4.0,4.0,10.0,4.0,4.0,4.0,10.0,92.0
서울시,종로구,경운동,10.0,6.0,4.0,4.0,4.0,4.0,4.0,4.0,4.0,4.0,4.0,4.0,8.0,4.0,4.0,4.0,4.0,74.0
서울시,종로구,관철동,8.0,6.0,4.0,4.0,4.0,4.0,10.0,4.0,4.0,4.0,4.0,4.0,10.0,4.0,4.0,4.0,6.0,86.0
서울시,종로구,인사동,4.0,8.0,4.0,4.0,10.0,4.0,4.0,4.0,4.0,4.0,4.0,4.0,10.0,4.0,4.0,4.0,10.0,96.0
서울시,종로구,낙원동,6.0,10.0,4.0,4.0,4.0,4.0,10.0,4.0,4.0,4.0,4.0,4.0,10.0,6.0,6.0,4.0,8.0,98.0
서울시,종로구,종로2가,6.0,6.0,4.0,4.0,10.0,10.0,10.0,4.0,4.0,4.0,4.0,4.0,10.0,4.0,4.0,4.0,8.0,102.0
서울시,종로구,팔판동,8.0,10.0,4.0,4.0,4.0,10.0,4.0,4.0,4.0,4.0,4.0,4.0,10.0,4.0,4.0,4.0,6.0,90.0
서울시,종로구,삼청동,10.0,4.0,4.0,4.0,4.0,4.0,4.0,4.0,4.0,4.0,4.0,4.0,4.0,6.0,6.0,8.0,4.0,76.0
서울시,종로구,안국동,10.0,8.0,4.0,4.0,4.0,4.0,4.0,4.0,4.0,4.0,4.0,4.0,10.0,4.0,4.0,4.0,4.0,78.0
서울시,종로구,소격동,10.0,6.0,4.0,4.0,4.0,10.0,4.0,4.0,4.0,4.0,4.0,4.0,10.0,6.0,6.0,8.0,4.0,90.0
서울시,종로구,화동,10.0,8.0,4.0,4.0,4.0,4.0,4.0,4.0,4.0,4.0,4.0,4.0,10.0,8.0,8.0,8.0,4.0,90.0
서울시,종로구,사간동,8.0,10.0,4.0,4.0,4.0,4.0,4.0,4.0,4.0,4.0,4.0,4.0,8.0,4.0,4.0,4.0,6.0,82.0
서울시,종로구,송현동,6.0,4.0,8.0,4.0,4.0,4.0,10.0,4.0,4.0,4.0,4.0,4.0,4.0,4.0,4.0,4.0,8.0,86.0
서울시,종로구,가회동,8.0,10.0,4.0,4.0,4.0,4.0,4.0,4.0,4.0,10.0,4.0,4.0,8.0,8.0,8.0,10.0,6.0,102.0
서울시,종로구,재동,8.0,8.0,4.0,4.0,10.0,4.0,4.0,4.0,4.0,4.0,4.0,4.0,10.0,4.0,4.0,4.0,6.0,88.0
서울시,종로구,계동,10.0,8.0,4.0,4.0,8.0,4.0,10.0,4.0,4.0,4.0,4.0,4.0,10.0,4.0,4.0,4.0,4.0,88.0
서울시,종로구,원서동,6.0,8.0,8.0,4.0,8.0,4.0,4.0,4.0,4.0,4.0,4.0,4.0,6.0,6.0,6.0,8.0,8.0,98.0
서울시,종로구,훈정동,10.0,4.0,4.0,4.0,4.0,4.0,4.0,4.0,4.0,4.0,4.0,4.0,4.0,4.0,4.0,4.0,4.0,68.0
서울시,종로구,묘동,8.0,10.0,4.0,4.0,4.0,4.0,4.0,4.0,4.0,4.0,4.0,4.0,10.0,4.0,4.0,4.0,6.0,84.0
서울시,종로구,봉익동,8.0,10.0,4.0,4.0,4.0,4.0,4.0,4.0,4.0,4.0,4.0,4.0,10.0,4.0,4.0,4.0,6.0,84.0
서울시,종로구,돈의동,4.0,10.0,4.0,4.0,4.0,4.0,4.0,4.0,4.0,4.0,4.0,4.0,10.0,4.0,4.0,4.0,10.0,92.0
서울시,종로구,장사동,6.0,10.0,4.0,4.0,4.0,4.0,4.0,4.0,4.0,4.0,4.0,4.0,8.0,4.0,4.0,4.0,8.0,86.0
서울시,종로구,관수동,6.0,10.0,4.0,4.0,4.0,4.0,4.0,4.0,4.0,4.0,4.0,4.0,10.0,4.0,4.0,4.0,8.0,88.0
서울시,종로구,종로3가,4.0,10.0,4.0,4.0,10.0,4.0,10.0,4.0,4.0,4.0,4.0,4.0,10.0,4.0,4.0,4.0,10.0,104.0
서울시,종로구,인의동,10.0,6.0,4.0,4.0,4.0,4.0,10.0,4.0,4.0,4.0,4.0,4.0,10.0,4.0,4.0,4.0,4.0,82.0
서울시,종로구,예지동,8.0,8.0,4.0,4.0,4.0,4.0,4.0,4.0,4.0,4.0,4.0,4.0,8.0,4.0,4.0,4.0,6.0,80.0
서울시,종로구,원남동,10.0,10.0,4.0,4.0,4.0,4.0,8.0,4.0,4.0,4.0,4.0,4.0,8.0,4.0,4.0,4.0,4.0,82.0
서울시,종로구,연지동,10.0,8.0,4.0,4.0,4.0,4.0,10.0,4.0,4.0,4.0,4.0,4.0,8.0,4.0,4.0,4.0,4.0,82.0
서울시,종로구,종로4가,10.0,6.0,8.0,4.0,4.0,4.0,10.0,4.0,4.0,4.0,4.0,4.0,10.0,4.0,4.0,4.0,4.0,86.0
서울시,종로구,효제동,6.0,8.0,4.0,4.0,4.0,4.0,8.0,4.0,4.0,4.0,4.0,4.0,8.0,4.0,4.0,4.0,8.0,88.0
서울시,종로구,종로5가,8.0,8.0,4.0,4.0,4.0,4.0,10.0,4.0,4.0,4.0,4.0,4.0,10.0,4.0,4.0,4.0,6.0,88.0
서울시,종로구,종로6가,6.0,8.0,4.0,4.0,10.0,4.0,8.0,4.0,4.0,4.0,4.0,4.0,10.0,4.0,4.0,4.0,8.0,96.0
서울시,종로구,이화동,6.0,10.0,4.0,4.0,4.0,4.0,10.0,4.0,4.0,4.0,4.0,4.0,6.0,4.0,4.0,4.0,8.0,90.0
서울시,종로구,연건동,8.0,6.0,4.0,4.0,4.0,10.0,4.0,4.0,4.0,4.0,4.0,4.0,8.0,6.0,6.0,8.0,6.0,92.0
서울시,종로구,충신동,4.0,10.0,8.0,4.0,4.0,4.0,6.0,4.0,4.0,4.0,4.0,4.0,6.0,4.0,4.0,4.0,10.0,94.0
서울시,종로구,동숭동,6.0,8.0,8.0,4.0,6.0,8.0,4.0,4.0,4.0,4.0,4.0,4.0,10.0,6.0,6.0,8.0,8.0,104.0
서울시,종로구,혜화동,6.0,8.0,4.0,4.0,4.0,4.0,8.0,4.0,4.0,4.0,4.0,4.0,8.0,4.0,4.0,4.0,8.0,88.0
서울시,종로구,명륜1가,4.0,10.0,4.0,4.0,10.0,4.0,4.0,4.0,4.0,4.0,4.0,4.0,8.0,4.0,4.0,4.0,10.0,96.0
서울시,종로구,명륜2가,6.0,8.0,4.0,4.0,4.0,4.0,4.0,4.0,4.0,4.0,4.0,4.0,10.0,8.0,8.0,8.0,8.0,98.0
서울시,종로구,명륜4가,6.0,10.0,4.0,4.0,10.0,10.0,8.0,4.0,4.0,4.0,4.0,4.0,10.0,4.0,4.0,4.0,8.0,104.0
서울시,종로구,명륜3가,6.0,10.0,8.0,4.0,8.0,4.0,4.0,4.0,4.0,4.0,4.0,4.0,6.0,4.0,4.0,4.0,8.0,92.0
서울시,종로구,창신동,4.0,10.0,8.0,10.0,6.0,4.0,4.0,8.0,4.0,4.0,4.0,4.0,8.0,4.0,4.0,4.0,10.0,106.0
서울시,종로구,숭인동,4.0,10.0,8.0,4.0,6.0,4.0,6.0,8.0,6.0,4.0,4.0,4.0,8.0,4.0,4.0,4.0,10.0,104.0
서울시,종로구,교남동,6.0,8.0,4.0,4.0,4.0,4.0,10.0,4.0,4.0,4.0,4.0,4.0,6.0,4.0,4.0,4.0,8.0,88.0
서울시,종로구,평동,10.0,4.0,4.0,4.0,10.0,4.0,10.0,4.0,4.0,4.0,4.0,4.0,10.0,4.0,4.0,4.0,4.0,86.0
서울시,종로구,송월동,6.0,4.0,4.0,4.0,4.0,4.0,4.0,4.0,4.0,4.0,4.0,4.0,4.0,4.0,4.0,4.0,8.0,76.0
서울시,종로구,홍파동,4.0,4.0,4.0,4.0,4.0,4.0,4.0,4.0,4.0,4.0,4.0,4.0,6.0,4.0,4.0,4.0,10.0,82.0
서울시,종로구,교북동,10.0,4.0,4.0,4.0,4.0,4.0,10.0,4.0,4.0,4.0,4.0,4.0,10.0,4.0,4.0,4.0,4.0,80.0
서울시,종로구,행촌동,4.0,10.0,8.0,4.0,4.0,4.0,4.0,4.0,4.0,4.0,4.0,4.0,4.0,4.0,4.0,4.0,10.0,90.0
서울시,종로구,구기동,10.0,4.0,4.0,4.0,4.0,4.0,4.0,4.0,4.0,4.0,4.0,4.0,4.0,4.0,4.0,4.0,4.0,68.0
서울시,종로구,평창동,10.0,6.0,8.0,4.0,4.0,4.0,4.0,4.0,4.0,4.0,4.0,4.0,4.0,10.0,10.0,10.0,4.0,92.0
서울시,종로구,부암동,10.0,6.0,4.0,4.0,4.0,4.0,4.0,4.0,4.0,10.0,4.0,4.0,4.0,10.0,10.0,10.0,4.0,94.0
서울시,종로구,홍지동,10.0,6.0,4.0,4.0,4.0,4.0,4.0,4.0,4.0,4.0,4.0,4.0,6.0,6.0,6.0,8.0,4.0,80.0
서울시,종로구,신영동,8.0,8.0,8.0,4.0,4.0,4.0,4.0,4.0,4.0,4.0,4.0,4.0,4.0,4.0,4.0,4.0,6.0,80.0
서울시,종로구,무악동,8.0,6.0,8.0,4.0,6.0,8.0,4.0,4.0,4.0,4.0,4.0,4.0,4.0,4.0,4.0,4.0,6.0,84.0
서울시,중구,무교동,6.0,6.0,4.0,4.0,4.0,4.0,4.0,4.0,4.0,4.0,4.0,4.0,10.0,4.0,4.0,4.0,8.0,84.0
서울시,중구,다동,4.0,8.0,4.0,4.0,10.0,4.0,8.0,4.0,4.0,4.0,4.0,4.0,10.0,4.0,4.0,4.0,10.0,100.0
서울시,중구,태평로1가,8.0,4.0,4.0,4.0,10.0,4.0,10.0,4.0,4.0,4.0,4.0,4.0,10.0,6.0,6.0,4.0,6.0,94.0
서울시,중구,을지로1가,4.0,4.0,4.0,4.0,10.0,10.0,10.0,4.0,4.0,4.0,4.0,4.0,10.0,4.0,4.0,4.0,10.0,104.0
서울시,중구,을지로2가,8.0,4.0,4.0,4.0,10.0,10.0,10.0,4.0,4.0,4.0,4.0,4.0,10.0,4.0,4.0,4.0,6.0,96.0
서울시,중구,남대문로1가,10.0,6.0,4.0,4.0,4.0,4.0,10.0,4.0,4.0,4.0,4.0,4.0,8.0,4.0,4.0,4.0,4.0,80.0
서울시,중구,삼각동,6.0,4.0,4.0,4.0,10.0,4.0,4.0,4.0,4.0,4.0,4.0,4.0,8.0,4.0,4.0,4.0,8.0,86.0
서울시,중구,수하동,4.0,4.0,4.0,4.0,4.0,4.0,4.0,4.0,4.0,4.0,4.0,4.0,10.0,4.0,4.0,4.0,10.0,86.0
서울시,중구,장교동,6.0,4.0,4.0,4.0,4.0,4.0,4.0,4.0,4.0,4.0,4.0,4.0,10.0,4.0,4.0,4.0,8.0,82.0
서울시,중구,수표동,4.0,6.0,4.0,4.0,4.0,4.0,4.0,4.0,4.0,4.0,4.0,4.0,10.0,4.0,4.0,4.0,10.0,88.0
서울시,중구,소공동,8.0,4.0,4.0,4.0,4.0,4.0,4.0,4.0,4.0,4.0,4.0,4.0,10.0,4.0,4.0,4.0,6.0,78.0
서울시,중구,남창동,4.0,10.0,4.0,4.0,4.0,4.0,8.0,4.0,4.0,4.0,4.0,4.0,10.0,4.0,4.0,4.0,10.0,96.0
서울시,중구,북창동,4.0,10.0,4.0,4.0,4.0,4.0,4.0,4.0,4.0,4.0,4.0,4.0,10.0,4.0,4.0,4.0,10.0,92.0
서울시,중구,태평로2가,8.0,4.0,4.0,4.0,4.0,4.0,10.0,4.0,4.0,4.0,4.0,4.0,10.0,4.0,4.0,4.0,6.0,84.0
서울시,중구,남대문로2가,6.0,4.0,4.0,4.0,4.0,4.0,10.0,4.0,4.0,4.0,8.0,4.0,10.0,4.0,4.0,4.0,8.0,92.0
서울시,중구,남대문로3가,4.0,6.0,4.0,4.0,10.0,4.0,10.0,4.0,4.0,4.0,4.0,4.0,8.0,4.0,4.0,4.0,10.0,98.0
서울시,중구,남대문로4가,6.0,6.0,4.0,4.0,4.0,4.0,10.0,4.0,4.0,4.0,4.0,4.0,10.0,4.0,4.0,4.0,8.0,90.0
서울시,중구,남대문로5가,6.0,6.0,4.0,4.0,10.0,4.0,10.0,4.0,4.0,4.0,4.0,4.0,10.0,4.0,4.0,4.0,8.0,96.0
서울시,중구,봉래동1가,10.0,4.0,4.0,4.0,4.0,4.0,10.0,4.0,4.0,4.0,4.0,4.0,10.0,4.0,4.0,4.0,4.0,80.0
서울시,중구,봉래동2가,8.0,4.0,4.0,4.0,4.0,4.0,10.0,4.0,4.0,4.0,8.0,4.0,8.0,4.0,4.0,4.0,6.0,86.0
서울시,중구,회현동1가,4.0,8.0,4.0,4.0,6.0,4.0,4.0,4.0,4.0,4.0,4.0,4.0,8.0,4.0,4.0,4.0,10.0,90.0
서울시,중구,회현동2가,4.0,6.0,4.0,4.0,4.0,4.0,10.0,4.0,4.0,4.0,4.0,4.0,8.0,4.0,4.0,4.0,10.0,92.0
서울시,중구,회현동3가,6.0,10.0,4.0,4.0,4.0,4.0,4.0,4.0,4.0,4.0,4.0,4.0,10.0,4.0,4.0,4.0,8.0,88.0
서울시,중구,충무로1가,6.0,4.0,4.0,4.0,4.0,4.0,8.0,4.0,4.0,4.0,4.0,4.0,10.0,4.0,4.0,4.0,8.0,86.0
서울시,중구,충무로2가,8.0,6.0,4.0,4.0,4.0,4.0,4.0,4.0,4.0,4.0,8.0,4.0,10.0,4.0,4.0,4.0,6.0,84.0
서울시,중구,명동1가,4.0,6.0,4.0,4.0,10.0,4.0,4.0,4.0,4.0,4.0,4.0,4.0,10.0,4.0,4.0,4.0,10.0,94.0
서울시,중구,명동2가,8.0,6.0,4.0,4.0,4.0,4.0,4.0,4.0,4.0,4.0,8.0,4.0,10.0,6.0,6.0,4.0,6.0,88.0
서울시,중구,남산동1가,4.0,10.0,4.0,4.0,4.0,4.0,4.0,4.0,4.0,4.0,4.0,4.0,8.0,4.0,4.0,4.0,10.0,90.0
서울시,중구,남산동2가,4.0,10.0,4.0,4.0,4.0,4.0,4.0,4.0,4.0,4.0,4.0,4.0,8.0,4.0,4.0,4.0,10.0,90.0
서울시,중구,남산동3가,8.0,8.0,4.0,4.0,4.0,4.0,4.0,4.0,4.0,4.0,4.0,4.0,8.0,4.0,4.0,4.0,6.0,80.0
서울시,중구,저동1가,4.0,6.0,4.0,4.0,10.0,4.0,10.0,4.0,4.0,4.0,4.0,4.0,10.0,4.0,4.0,4.0,10.0,100.0
서울시,중구,충무로4가,4.0,10.0,4.0,4.0,4.0,4.0,4.0,4.0,4.0,4.0,4.0,4.0,10.0,4.0,4.0,4.0,10.0,92.0
서울시,중구,충무로5가,4.0,10.0,4.0,4.0,10.0,4.0,4.0,4.0,4.0,4.0,4.0,4.0,10.0,4.0,4.0,4.0,10.0,98.0
서울시,중구,인현동2가,8.0,10.0,4.0,4.0,10.0,4.0,4.0,4.0,4.0,4.0,4.0,4.0,8.0,4.0,4.0,4.0,6.0,88.0
서울시,중구,예관동,4.0,10.0,4.0,4.0,4.0,4.0,4.0,4.0,4.0,4.0,4.0,4.0,8.0,4.0,4.0,4.0,10.0,90.0
서울시,중구,묵정동,4.0,10.0,4.0,4.0,4.0,4.0,4.0,4.0,4.0,4.0,4.0,4.0,8.0,4.0,4.0,4.0,10.0,90.0
서울시,중구,필동1가,8.0,10.0,4.0,4.0,4.0,4.0,4.0,4.0,4.0,4.0,4.0,4.0,10.0,4.0,4.0,4.0,6.0,84.0
서울시,중구,필동2가,4.0,10.0,4.0,4.0,8.0,4.0,4.0,8.0,4.0,4.0,4.0,4.0,8.0,4.0,4.0,4.0,10.0,98.0
서울시,중구,필동3가,4.0,10.0,4.0,4.0,4.0,4.0,4.0,4.0,4.0,4.0,4.0,4.0,10.0,4.0,4.0,4.0,10.0,92.0
서울시,중구,남학동,6.0,10.0,4.0,4.0,4.0,4.0,4.0,4.0,4.0,4.0,4.0,4.0,10.0,4.0,4.0,4.0,8.0,88.0
서울시,중구,주자동,4.0,4.0,4.0,4.0,4.0,4.0,4.0,4.0,4.0,4.0,4.0,4.0,6.0,4.0,4.0,4.0,10.0,82.0
서울시,중구,예장동,10.0,4.0,8.0,4.0,4.0,4.0,4.0,4.0,4.0,8.0,4.0,4.0,4.0,4.0,4.0,4.0,4.0,76.0
서울시,중구,장충동1가,4.0,10.0,4.0,4.0,4.0,4.0,4.0,4.0,4.0,4.0,4.0,4.0,6.0,4.0,4.0,4.0,10.0,88.0
서울시,중구,장충동2가,8.0,6.0,8.0,4.0,4.0,4.0,4.0,4.0,4.0,4.0,4.0,4.0,4.0,8.0,8.0,8.0,6.0,90.0
서울시,중구,광희동1가,4.0,10.0,4.0,4.0,10.0,4.0,4.0,4.0,4.0,4.0,4.0,4.0,10.0,4.0,4.0,4.0,10.0,98.0
서울시,중구,광희동2가,4.0,10.0,4.0,4.0,4.0,4.0,4.0,4.0,4.0,4.0,4.0,4.0,8.0,4.0,4.0,4.0,10.0,90.0
서울시,중구,쌍림동,6.0,10.0,4.0,4.0,4.0,4.0,4.0,4.0,4.0,4.0,4.0,4.0,10.0,4.0,4.0,4.0,8.0,88.0
서울시,중구,을지로6가,6.0,4.0,4.0,4.0,8.0,4.0,6.0,4.0,4.0,4.0,10.0,4.0,10.0,6.0,6.0,4.0,8.0,98.0
서울시,중구,을지로7가,8.0,6.0,4.0,4.0,10.0,4.0,8.0,4.0,4.0,4.0,4.0,4.0,10.0,4.0,4.0,4.0,6.0,90.0
서울시,중구,을지로4가,6.0,10.0,4.0,4.0,4.0,10.0,10.0,4.0,4.0,4.0,4.0,4.0,10.0,4.0,4.0,4.0,8.0,100.0
서울시,중구,을지로5가,6.0,8.0,4.0,4.0,10.0,4.0,8.0,4.0,4.0,4.0,4.0,4.0,8.0,4.0,4.0,4.0,8.0,94.0
서울시,중구,주교동,4.0,10.0,4.0,4.0,4.0,4.0,10.0,4.0,4.0,4.0,4.0,4.0,10.0,4.0,4.0,4.0,10.0,98.0
서울시,중구,방산동,10.0,6.0,4.0,4.0,4.0,4.0,10.0,4.0,4.0,4.0,4.0,4.0,6.0,4.0,4.0,4.0,4.0,78.0
서울시,중구,오장동,4.0,8.0,8.0,4.0,4.0,4.0,4.0,4.0,4.0,4.0,4.0,4.0,10.0,4.0,4.0,4.0,10.0,94.0
서울시,중구,을지로3가,4.0,10.0,4.0,4.0,4.0,4.0,10.0,8.0,4.0,4.0,4.0,4.0,10.0,4.0,4.0,4.0,10.0,102.0
서울시,중구,입정동,8.0,10.0,4.0,4.0,4.0,4.0,4.0,4.0,4.0,4.0,4.0,4.0,6.0,4.0,4.0,4.0,6.0,80.0
서울시,중구,산림동,4.0,10.0,4.0,4.0,4.0,4.0,4.0,4.0,4.0,4.0,4.0,4.0,8.0,4.0,4.0,4.0,10.0,90.0
서울시,중구,충무로3가,6.0,8.0,8.0,4.0,4.0,4.0,4.0,4.0,4.0,4.0,4.0,4.0,10.0,4.0,4.0,4.0,8.0,90.0
서울시,중구,초동,4.0,10.0,4.0,4.0,4.0,4.0,4.0,4.0,4.0,4.0,4.0,4.0,10.0,4.0,4.0,4.0,10.0,92.0
서울시,중구,인현동1가,6.0,10.0,4.0,4.0,4.0,4.0,4.0,4.0,4.0,4.0,4.0,4.0,10.0,4.0,4.0,4.0,8.0,88.0
서울시,중구,저동2가,8.0,8.0,8.0,4.0,4.0,4.0,4.0,4.0,4.0,4.0,4.0,4.0,10.0,4.0,4.0,4.0,6.0,86.0
서울시,중구,신당동,4.0,10.0,8.0,10.0,4.0,4.0,4.0,10.0,4.0,4.0,10.0,4.0,8.0,10.0,10.0,4.0,10.0,124.0
서울시,중구,흥인동,4.0,6.0,4.0,4.0,4.0,4.0,4.0,4.0,4.0,4.0,4.0,4.0,8.0,4.0,4.0,4.0,10.0,86.0
서울시,중구,무학동,4.0,8.0,8.0,4.0,4.0,4.0,10.0,4.0,4.0,4.0,4.0,4.0,10.0,4.0,4.0,4.0,10.0,100.0
서울시,중구,황학동,4.0,10.0,8.0,4.0,6.0,4.0,6.0,4.0,4.0,4.0,4.0,4.0,10.0,4.0,4.0,4.0,10.0,100.0
서울시,중구,서소문동,6.0,6.0,4.0,4.0,10.0,4.0,8.0,4.0,4.0,4.0,4.0,4.0,10.0,4.0,4.0,4.0,8.0,94.0
서울시,중구,정동,6.0,4.0,4.0,4.0,10.0,4.0,4.0,4.0,4.0,4.0,4.0,4.0,6.0,10.0,10.0,10.0,8.0,102.0
서울시,중구,순화동,6.0,4.0,8.0,4.0,4.0,4.0,8.0,4.0,4.0,4.0,4.0,4.0,10.0,4.0,4.0,4.0,8.0,90.0
서울시,중구,의주로1가,4.0,4.0,4.0,4.0,4.0,4.0,10.0,4.0,4.0,4.0,4.0,4.0,6.0,4.0,4.0,4.0,10.0,88.0
서울시,중구,충정로1가,8.0,4.0,8.0,4.0,4.0,4.0,10.0,4.0,4.0,4.0,4.0,4.0,10.0,6.0,6.0,4.0,6.0,92.0
서울시,중구,중림동,4.0,8.0,4.0,4.0,4.0,4.0,10.0,4.0,4.0,4.0,4.0,4.0,8.0,4.0,4.0,4.0,10.0,94.0
서울시,중구,의주로2가,4.0,4.0,4.0,4.0,10.0,4.0,4.0,4.0,4.0,4.0,4.0,4.0,4.0,4.0,4.0,4.0,10.0,86.0
서울시,중구,만리동1가,4.0,8.0,4.0,4.0,4.0,4.0,4.0,4.0,4.0,4.0,4.0,4.0,8.0,4.0,4.0,4.0,10.0,88.0
서울시,중구,만리동2가,4.0,4.0,8.0,4.0,10.0,4.0,4.0,4.0,4.0,4.0,4.0,4.0,6.0,8.0,8.0,4.0,10.0,100.0
서울시,용산구,후암동,8.0,10.0,8.0,4.0,6.0,4.0,4.0,4.0,4.0,4.0,4.0,4.0,6.0,8.0,8.0,4.0,6.0,94.0
서울시,용산구,용산동2가,8.0,8.0,4.0,4.0,4.0,4.0,4.0,4.0,4.0,4.0,4.0,4.0,4.0,6.0,6.0,4.0,6.0,80.0
서울시,용산구,용산동4가,10.0,4.0,8.0,4.0,4.0,4.0,4.0,4.0,4.0,4.0,4.0,4.0,4.0,4.0,4.0,4.0,4.0,72.0
서울시,용산구,갈월동,8.0,8.0,4.0,4.0,4.0,10.0,8.0,4.0,4.0,4.0,4.0,4.0,8.0,4.0,4.0,4.0,6.0,90.0
서울시,용산구,남영동,10.0,10.0,4.0,4.0,4.0,4.0,10.0,4.0,4.0,4.0,4.0,4.0,8.0,4.0,4.0,4.0,4.0,84.0
서울시,용산구,용산동1가,10.0,4.0,4.0,4.0,4.0,4.0,4.0,4.0,4.0,4.0,4.0,4.0,4.0,4.0,4.0,4.0,4.0,68.0
서울시,용산구,동자동,8.0,8.0,8.0,4.0,6.0,4.0,6.0,4.0,4.0,4.0,4.0,4.0,8.0,4.0,4.0,4.0,6.0,88.0
서울시,용산구,서계동,6.0,10.0,4.0,4.0,4.0,4.0,4.0,4.0,4.0,4.0,4.0,4.0,8.0,4.0,4.0,4.0,8.0,86.0
서울시,용산구,청파동1가,8.0,10.0,4.0,4.0,4.0,4.0,4.0,4.0,4.0,4.0,4.0,4.0,6.0,4.0,4.0,4.0,6.0,80.0
서울시,용산구,청파동2가,8.0,10.0,4.0,4.0,8.0,4.0,4.0,4.0,4.0,4.0,4.0,4.0,10.0,10.0,10.0,10.0,6.0,106.0
서울시,용산구,청파동3가,8.0,10.0,8.0,4.0,8.0,4.0,8.0,4.0,4.0,4.0,4.0,4.0,8.0,4.0,4.0,4.0,6.0,94.0
서울시,용산구,원효로1가,8.0,10.0,4.0,4.0,4.0,4.0,10.0,4.0,4.0,4.0,4.0,4.0,8.0,4.0,4.0,4.0,6.0,88.0
서울시,용산구,원효로2가,6.0,10.0,4.0,4.0,4.0,4.0,10.0,4.0,4.0,4.0,4.0,4.0,6.0,4.0,4.0,4.0,8.0,90.0
서울시,용산구,신창동,6.0,10.0,4.0,4.0,4.0,4.0,4.0,4.0,4.0,4.0,4.0,4.0,6.0,4.0,4.0,4.0,8.0,84.0
서울시,용산구,산천동,8.0,6.0,4.0,4.0,4.0,4.0,4.0,4.0,4.0,4.0,4.0,4.0,6.0,4.0,4.0,4.0,6.0,76.0
서울시,용산구,청암동,10.0,6.0,4.0,4.0,4.0,4.0,4.0,4.0,4.0,4.0,4.0,4.0,4.0,4.0,4.0,4.0,4.0,70.0
서울시,용산구,원효로3가,8.0,10.0,4.0,4.0,8.0,4.0,8.0,4.0,4.0,4.0,4.0,4.0,6.0,4.0,4.0,4.0,6.0,88.0
서울시,용산구,원효로4가,10.0,6.0,8.0,4.0,6.0,4.0,4.0,4.0,4.0,4.0,4.0,4.0,4.0,4.0,4.0,4.0,4.0,76.0
서울시,용산구,효창동,10.0,8.0,8.0,4.0,8.0,4.0,6.0,8.0,4.0,4.0,4.0,4.0,6.0,8.0,8.0,8.0,4.0,100.0
서울시,용산구,도원동,10.0,6.0,4.0,4.0,4.0,4.0,10.0,4.0,4.0,4.0,4.0,4.0,6.0,4.0,4.0,4.0,4.0,78.0
서울시,용산구,용문동,6.0,10.0,8.0,4.0,4.0,10.0,4.0,4.0,4.0,4.0,4.0,4.0,8.0,4.0,4.0,4.0,8.0,96.0
서울시,용산구,문배동,10.0,6.0,4.0,4.0,4.0,4.0,8.0,4.0,4.0,4.0,4.0,4.0,8.0,4.0,4.0,4.0,4.0,78.0
서울시,용산구,신계동,10.0,8.0,8.0,4.0,8.0,4.0,4.0,4.0,4.0,4.0,4.0,4.0,6.0,4.0,4.0,4.0,4.0,82.0
서울시,용산구,한강로1가,10.0,8.0,4.0,4.0,8.0,4.0,8.0,8.0,4.0,4.0,4.0,4.0,8.0,4.0,4.0,4.0,4.0,88.0
서울시,용산구,한강로2가,10.0,8.0,4.0,4.0,4.0,4.0,8.0,4.0,4.0,4.0,4.0,4.0,10.0,6.0,6.0,4.0,4.0,86.0
서울시,용산구,용산동3가,10.0,4.0,4.0,4.0,4.0,4.0,4.0,4.0,4.0,4.0,4.0,4.0,4.0,4.0,4.0,4.0,4.0,68.0
서울시,용산구,용산동5가,10.0,4.0,4.0,4.0,4.0,4.0,4.0,4.0,4.0,4.0,4.0,4.0,4.0,4.0,4.0,4.0,4.0,68.0
서울시,용산구,한강로3가,10.0,6.0,8.0,4.0,4.0,4.0,8.0,4.0,4.0,4.0,8.0,4.0,8.0,6.0,6.0,4.0,4.0,90.0
서울시,용산구,이촌동,10.0,4.0,8.0,4.0,6.0,4.0,4.0,4.0,4.0,4.0,4.0,4.0,4.0,6.0,6.0,4.0,4.0,78.0
서울시,용산구,이태원동,8.0,10.0,8.0,4.0,4.0,6.0,4.0,4.0,4.0,4.0,4.0,4.0,6.0,4.0,4.0,4.0,6.0,86.0
서울시,용산구,한남동,10.0,8.0,8.0,4.0,4.0,4.0,4.0,8.0,4.0,4.0,4.0,4.0,4.0,10.0,10.0,8.0,4.0,96.0
서울시,용산구,동빙고동,10.0,8.0,4.0,4.0,4.0,4.0,4.0,4.0,4.0,4.0,4.0,4.0,4.0,4.0,4.0,4.0,4.0,72.0
서울시,용산구,서빙고동,10.0,6.0,4.0,4.0,4.0,4.0,4.0,4.0,4.0,4.0,4.0,4.0,4.0,4.0,4.0,4.0,4.0,70.0
서울시,용산구,주성동,10.0,6.0,4.0,4.0,4.0,4.0,4.0,4.0,4.0,4.0,4.0,4.0,4.0,4.0,4.0,4.0,4.0,70.0
서울시,용산구,용산동6가,10.0,4.0,8.0,4.0,4.0,4.0,4.0,4.0,4.0,4.0,4.0,4.0,4.0,6.0,6.0,8.0,4.0,80.0
서울시,용산구,보광동,6.0,10.0,8.0,4.0,4.0,4.0,4.0,4.0,4.0,4.0,4.0,4.0,4.0,4.0,4.0,4.0,8.0,86.0
서울시,성동구,상왕십리동,10.0,4.0,4.0,4.0,10.0,4.0,8.0,4.0,4.0,4.0,4.0,4.0,6.0,4.0,4.0,4.0,4.0,80.0
서울시,성동구,하왕십리동,6.0,4.0,10.0,4.0,10.0,4.0,6.0,4.0,4.0,4.0,4.0,8.0,8.0,4.0,4.0,4.0,8.0,98.0
서울시,성동구,홍익동,6.0,4.0,4.0,4.0,8.0,10.0,4.0,4.0,4.0,4.0,4.0,4.0,8.0,4.0,4.0,4.0,8.0,90.0
서울시,성동구,도선동,6.0,4.0,10.0,4.0,4.0,4.0,8.0,4.0,4.0,4.0,4.0,4.0,10.0,4.0,4.0,4.0,8.0,92.0
서울시,성동구,마장동,6.0,4.0,10.0,4.0,10.0,4.0,4.0,4.0,4.0,4.0,4.0,4.0,4.0,4.0,4.0,4.0,8.0,88.0
서울시,성동구,사근동,8.0,4.0,4.0,4.0,4.0,4.0,4.0,4.0,4.0,4.0,4.0,4.0,6.0,6.0,6.0,8.0,6.0,82.0
서울시,성동구,행당동,8.0,4.0,10.0,10.0,8.0,4.0,4.0,10.0,4.0,4.0,8.0,8.0,8.0,8.0,8.0,4.0,6.0,114.0
서울시,성동구,응봉동,8.0,4.0,10.0,4.0,8.0,4.0,4.0,4.0,4.0,4.0,4.0,4.0,4.0,4.0,4.0,4.0,6.0,82.0
서울시,성동구,금호동1가,8.0,4.0,10.0,4.0,8.0,4.0,4.0,4.0,4.0,4.0,4.0,4.0,6.0,4.0,4.0,4.0,6.0,84.0
서울시,성동구,금호동2가,8.0,4.0,4.0,4.0,10.0,4.0,4.0,4.0,4.0,4.0,4.0,4.0,6.0,4.0,4.0,4.0,6.0,80.0
서울시,성동구,금호동3가,6.0,4.0,10.0,4.0,8.0,4.0,4.0,4.0,4.0,4.0,4.0,4.0,6.0,4.0,4.0,4.0,8.0,88.0
서울시,성동구,금호동4가,8.0,4.0,10.0,4.0,4.0,4.0,4.0,4.0,4.0,4.0,4.0,4.0,4.0,4.0,4.0,4.0,6.0,78.0
서울시,성동구,옥수동,10.0,4.0,10.0,4.0,6.0,4.0,4.0,8.0,4.0,4.0,4.0,4.0,4.0,4.0,4.0,4.0,4.0,80.0
서울시,성동구,성수동1가,10.0,4.0,10.0,4.0,6.0,4.0,4.0,8.0,4.0,4.0,4.0,4.0,6.0,10.0,10.0,8.0,4.0,98.0
서울시,성동구,성수동2가,8.0,4.0,10.0,10.0,8.0,4.0,4.0,4.0,4.0,4.0,4.0,4.0,8.0,4.0,4.0,4.0,6.0,92.0
서울시,성동구,송정동,8.0,4.0,10.0,4.0,4.0,4.0,10.0,4.0,4.0,4.0,4.0,4.0,4.0,4.0,4.0,4.0,6.0,84.0
서울시,성동구,용답동,10.0,4.0,10.0,4.0,4.0,4.0,4.0,10.0,4.0,4.0,4.0,4.0,4.0,4.0,4.0,4.0,4.0,80.0
서울시,광진구,중곡동,10.0,8.0,6.0,10.0,4.0,4.0,4.0,4.0,4.0,4.0,4.0,8.0,6.0,4.0,4.0,4.0,4.0,86.0
서울시,광진구,능동,10.0,6.0,6.0,4.0,4.0,4.0,10.0,10.0,4.0,4.0,4.0,4.0,6.0,4.0,4.0,4.0,4.0,86.0
서울시,광진구,구의동,8.0,8.0,6.0,4.0,8.0,4.0,6.0,8.0,4.0,4.0,4.0,10.0,8.0,6.0,6.0,4.0,6.0,102.0
서울시,광진구,광장동,10.0,4.0,6.0,4.0,4.0,4.0,6.0,4.0,4.0,4.0,4.0,4.0,4.0,6.0,6.0,4.0,4.0,76.0
서울시,광진구,자양동,10.0,8.0,6.0,10.0,6.0,4.0,4.0,4.0,4.0,4.0,8.0,4.0,6.0,10.0,10.0,4.0,4.0,100.0
서울시,광진구,화양동,10.0,8.0,6.0,4.0,8.0,4.0,6.0,10.0,4.0,4.0,4.0,4.0,10.0,6.0,6.0,4.0,4.0,96.0
서울시,광진구,군자동,8.0,10.0,6.0,4.0,4.0,4.0,10.0,4.0,4.0,4.0,4.0,4.0,8.0,8.0,8.0,4.0,6.0,98.0
서울시,동대문구,신설동,6.0,10.0,4.0,4.0,6.0,8.0,8.0,8.0,4.0,4.0,4.0,4.0,8.0,4.0,4.0,4.0,8.0,100.0
서울시,동대문구,용두동,6.0,8.0,8.0,4.0,6.0,6.0,10.0,4.0,4.0,4.0,4.0,4.0,6.0,8.0,8.0,4.0,8.0,104.0
서울시,동대문구,제기동,6.0,10.0,8.0,4.0,4.0,4.0,6.0,4.0,4.0,4.0,4.0,4.0,6.0,6.0,6.0,4.0,8.0,94.0
서울시,동대문구,전농동,6.0,8.0,8.0,10.0,4.0,8.0,6.0,10.0,6.0,4.0,4.0,4.0,8.0,10.0,10.0,4.0,8.0,120.0
서울시,동대문구,답십리동,4.0,8.0,8.0,4.0,4.0,6.0,6.0,4.0,6.0,4.0,4.0,4.0,6.0,8.0,8.0,4.0,10.0,104.0
서울시,동대문구,장안동,4.0,8.0,8.0,4.0,6.0,8.0,6.0,4.0,6.0,4.0,4.0,4.0,8.0,10.0,10.0,4.0,10.0,114.0
서울시,동대문구,청량리동,6.0,8.0,8.0,4.0,4.0,4.0,8.0,4.0,6.0,4.0,4.0,4.0,4.0,4.0,4.0,4.0,8.0,90.0
서울시,동대문구,회기동,6.0,8.0,8.0,4.0,4.0,4.0,6.0,4.0,4.0,4.0,4.0,4.0,8.0,10.0,10.0,10.0,8.0,108.0
서울시,동대문구,휘경동,6.0,8.0,8.0,4.0,4.0,8.0,4.0,8.0,4.0,4.0,4.0,4.0,6.0,8.0,8.0,4.0,8.0,102.0
서울시,동대문구,이문동,6.0,8.0,8.0,4.0,4.0,6.0,4.0,4.0,4.0,4.0,4.0,4.0,6.0,10.0,10.0,4.0,8.0,100.0
서울시,중랑구,면목동,4.0,8.0,6.0,10.0,4.0,4.0,6.0,10.0,4.0,4.0,4.0,4.0,6.0,4.0,4.0,4.0,10.0,102.0
서울시,중랑구,상봉동,4.0,8.0,6.0,4.0,4.0,4.0,6.0,10.0,4.0,4.0,4.0,4.0,8.0,8.0,8.0,4.0,10.0,106.0
서울시,중랑구,중화동,4.0,10.0,6.0,4.0,6.0,4.0,4.0,10.0,4.0,4.0,4.0,4.0,6.0,4.0,4.0,4.0,10.0,98.0
서울시,중랑구,묵동,4.0,8.0,6.0,4.0,4.0,4.0,6.0,4.0,4.0,4.0,4.0,4.0,6.0,6.0,6.0,4.0,10.0,94.0
서울시,중랑구,망우동,6.0,6.0,6.0,4.0,4.0,4.0,6.0,8.0,4.0,8.0,4.0,4.0,4.0,6.0,6.0,4.0,8.0,94.0
서울시,중랑구,신내동,8.0,4.0,6.0,4.0,4.0,4.0,6.0,8.0,10.0,4.0,4.0,4.0,4.0,4.0,4.0,4.0,6.0,86.0
서울시,성북구,성북동,8.0,8.0,4.0,4.0,6.0,4.0,4.0,4.0,4.0,8.0,4.0,4.0,4.0,10.0,10.0,10.0,6.0,100.0
서울시,성북구,성북동1가,6.0,10.0,4.0,4.0,10.0,4.0,4.0,4.0,4.0,4.0,4.0,4.0,8.0,4.0,4.0,4.0,8.0,92.0
서울시,성북구,돈암동,6.0,6.0,10.0,4.0,6.0,4.0,4.0,4.0,4.0,4.0,4.0,8.0,4.0,10.0,10.0,4.0,8.0,102.0
서울시,성북구,동소문동1가,4.0,10.0,4.0,4.0,10.0,4.0,8.0,4.0,4.0,4.0,4.0,4.0,8.0,4.0,4.0,4.0,10.0,100.0
서울시,성북구,동소문동2가,4.0,4.0,4.0,4.0,10.0,4.0,10.0,4.0,4.0,4.0,4.0,4.0,10.0,4.0,4.0,4.0,10.0,98.0
서울시,성북구,동소문동3가,6.0,4.0,4.0,4.0,4.0,4.0,4.0,4.0,4.0,4.0,4.0,4.0,6.0,4.0,4.0,4.0,8.0,78.0
서울시,성북구,동소문동4가,6.0,10.0,10.0,4.0,4.0,4.0,4.0,4.0,4.0,4.0,4.0,4.0,8.0,4.0,4.0,4.0,8.0,92.0
서울시,성북구,동소문동5가,10.0,4.0,4.0,4.0,4.0,4.0,10.0,4.0,4.0,4.0,4.0,4.0,10.0,4.0,4.0,4.0,4.0,80.0
서울시,성북구,동소문동6가,4.0,8.0,4.0,4.0,10.0,4.0,6.0,4.0,4.0,4.0,4.0,4.0,8.0,4.0,4.0,4.0,10.0,96.0
서울시,성북구,동소문동7가,6.0,8.0,4.0,4.0,4.0,4.0,4.0,4.0,4.0,4.0,4.0,4.0,8.0,4.0,4.0,4.0,8.0,84.0
서울시,성북구,삼선동1가,4.0,4.0,4.0,4.0,8.0,4.0,4.0,4.0,4.0,10.0,4.0,4.0,6.0,4.0,4.0,4.0,10.0,92.0
서울시,성북구,삼선동2가,6.0,4.0,4.0,4.0,4.0,4.0,4.0,4.0,4.0,4.0,4.0,4.0,6.0,4.0,4.0,4.0,8.0,78.0
서울시,성북구,삼선동3가,6.0,4.0,4.0,4.0,10.0,4.0,4.0,4.0,4.0,4.0,4.0,4.0,4.0,4.0,4.0,4.0,8.0,82.0
서울시,성북구,삼선동4가,8.0,4.0,4.0,4.0,10.0,4.0,10.0,4.0,4.0,4.0,4.0,4.0,8.0,4.0,4.0,4.0,6.0,88.0
서울시,성북구,삼선동5가,4.0,4.0,10.0,4.0,10.0,4.0,8.0,4.0,4.0,4.0,4.0,4.0,8.0,4.0,4.0,4.0,10.0,100.0
서울시,성북구,동선동1가,4.0,10.0,4.0,4.0,4.0,4.0,10.0,4.0,4.0,4.0,4.0,4.0,10.0,6.0,6.0,4.0,10.0,102.0
서울시,성북구,동선동2가,6.0,10.0,4.0,4.0,10.0,4.0,4.0,4.0,4.0,4.0,4.0,4.0,10.0,4.0,4.0,4.0,8.0,94.0
서울시,성북구,동선동3가,4.0,10.0,4.0,4.0,10.0,4.0,4.0,4.0,4.0,4.0,4.0,4.0,8.0,4.0,4.0,4.0,10.0,96.0
서울시,성북구,동선동4가,4.0,10.0,4.0,4.0,4.0,4.0,4.0,4.0,4.0,4.0,4.0,4.0,10.0,4.0,4.0,4.0,10.0,92.0
서울시,성북구,동선동5가,4.0,10.0,10.0,4.0,4.0,4.0,4.0,4.0,4.0,4.0,4.0,4.0,8.0,4.0,4.0,4.0,10.0,96.0
서울시,성북구,안암동1가,6.0,10.0,4.0,4.0,4.0,4.0,4.0,4.0,4.0,4.0,4.0,4.0,8.0,4.0,4.0,4.0,8.0,86.0
서울시,성북구,안암동2가,4.0,10.0,4.0,4.0,10.0,4.0,4.0,4.0,4.0,4.0,4.0,4.0,6.0,4.0,4.0,4.0,10.0,94.0
서울시,성북구,안암동3가,4.0,10.0,4.0,4.0,10.0,4.0,4.0,4.0,4.0,4.0,4.0,4.0,6.0,4.0,4.0,4.0,10.0,94.0
서울시,성북구,안암동4가,4.0,8.0,4.0,4.0,10.0,4.0,8.0,4.0,4.0,4.0,4.0,4.0,6.0,4.0,4.0,4.0,10.0,96.0
서울시,성북구,안암동5가,8.0,6.0,10.0,4.0,6.0,4.0,4.0,4.0,4.0,4.0,4.0,4.0,8.0,4.0,4.0,4.0,6.0,86.0
서울시,성북구,보문동4가,4.0,6.0,4.0,4.0,4.0,4.0,10.0,4.0,4.0,4.0,4.0,4.0,10.0,4.0,4.0,4.0,10.0,94.0
서울시,성북구,보문동5가,6.0,10.0,4.0,4.0,4.0,4.0,8.0,4.0,4.0,4.0,4.0,4.0,8.0,4.0,4.0,4.0,8.0,90.0
서울시,성북구,보문동6가,4.0,10.0,4.0,4.0,10.0,4.0,4.0,4.0,4.0,4.0,4.0,4.0,6.0,4.0,4.0,4.0,10.0,94.0
서울시,성북구,보문동7가,4.0,8.0,4.0,4.0,10.0,4.0,10.0,4.0,4.0,4.0,4.0,4.0,8.0,4.0,4.0,4.0,10.0,100.0
서울시,성북구,보문동1가,6.0,10.0,4.0,4.0,4.0,4.0,8.0,4.0,4.0,4.0,4.0,4.0,8.0,4.0,4.0,4.0,8.0,90.0
서울시,성북구,보문동2가,6.0,10.0,4.0,4.0,4.0,4.0,8.0,4.0,4.0,4.0,4.0,4.0,8.0,4.0,4.0,4.0,8.0,90.0
서울시,성북구,보문동3가,4.0,6.0,10.0,4.0,10.0,4.0,4.0,4.0,4.0,4.0,4.0,4.0,4.0,4.0,4.0,4.0,10.0,94.0
서울시,성북구,정릉동,8.0,4.0,10.0,10.0,4.0,4.0,4.0,4.0,6.0,10.0,4.0,4.0,4.0,10.0,10.0,8.0,6.0,108.0
서울시,성북구,길음동,6.0,6.0,10.0,4.0,10.0,6.0,6.0,4.0,4.0,4.0,4.0,10.0,8.0,6.0,6.0,4.0,8.0,108.0
서울시,성북구,종암동,6.0,8.0,10.0,4.0,8.0,6.0,4.0,4.0,4.0,4.0,4.0,4.0,6.0,6.0,6.0,4.0,8.0,98.0
서울시,성북구,하월곡동,6.0,8.0,10.0,4.0,8.0,4.0,4.0,4.0,4.0,4.0,4.0,10.0,6.0,8.0,8.0,4.0,8.0,106.0
서울시,성북구,상월곡동,6.0,8.0,10.0,4.0,8.0,4.0,4.0,4.0,4.0,4.0,4.0,4.0,6.0,6.0,6.0,4.0,8.0,96.0
서울시,성북구,장위동,4.0,10.0,10.0,4.0,6.0,4.0,4.0,4.0,4.0,4.0,4.0,4.0,4.0,4.0,4.0,4.0,10.0,94.0
서울시,성북구,석관동,4.0,8.0,10.0,4.0,6.0,6.0,4.0,4.0,4.0,4.0,4.0,4.0,4.0,4.0,4.0,4.0,10.0,94.0
서울시,강북구,미아동,6.0,10.0,10.0,10.0,6.0,8.0,4.0,8.0,6.0,4.0,10.0,10.0,6.0,10.0,10.0,8.0,8.0,136.0
서울시,강북구,번동,8.0,6.0,10.0,10.0,8.0,6.0,4.0,4.0,6.0,10.0,4.0,4.0,4.0,6.0,6.0,4.0,6.0,104.0
서울시,강북구,수유동,8.0,8.0,10.0,10.0,4.0,4.0,4.0,4.0,4.0,4.0,4.0,4.0,4.0,8.0,8.0,4.0,6.0,96.0
서울시,강북구,우이동,10.0,4.0,10.0,4.0,4.0,4.0,4.0,4.0,6.0,4.0,4.0,4.0,4.0,4.0,4.0,4.0,4.0,76.0
서울시,도봉구,쌍문동,8.0,8.0,10.0,10.0,4.0,4.0,4.0,4.0,4.0,4.0,4.0,4.0,6.0,10.0,10.0,8.0,6.0,106.0
서울시,도봉구,방학동,10.0,6.0,10.0,10.0,4.0,4.0,6.0,4.0,6.0,4.0,4.0,8.0,4.0,10.0,10.0,4.0,4.0,102.0
서울시,도봉구,창동,8.0,6.0,10.0,10.0,4.0,4.0,4.0,8.0,6.0,4.0,4.0,8.0,6.0,10.0,10.0,4.0,6.0,110.0
서울시,도봉구,도봉동,10.0,4.0,10.0,4.0,4.0,4.0,4.0,4.0,8.0,4.0,4.0,4.0,4.0,10.0,10.0,4.0,4.0,90.0
서울시,노원구,월계동,8.0,6.0,6.0,4.0,10.0,4.0,4.0,8.0,6.0,8.0,4.0,8.0,4.0,10.0,10.0,4.0,6.0,108.0
서울시,노원구,공릉동,10.0,4.0,6.0,4.0,6.0,4.0,4.0,10.0,8.0,8.0,4.0,8.0,4.0,10.0,10.0,10.0,4.0,108.0
서울시,노원구,하계동,10.0,4.0,6.0,4.0,10.0,8.0,4.0,4.0,6.0,4.0,4.0,4.0,4.0,4.0,4.0,4.0,4.0,82.0
서울시,노원구,상계동,10.0,4.0,6.0,10.0,8.0,4.0,6.0,10.0,10.0,4.0,8.0,8.0,4.0,10.0,10.0,4.0,4.0,114.0
서울시,노원구,중계동,10.0,4.0,6.0,10.0,8.0,4.0,4.0,4.0,10.0,4.0,8.0,10.0,6.0,10.0,10.0,4.0,4.0,110.0
서울시,은평구,수색동,8.0,6.0,8.0,4.0,4.0,4.0,6.0,8.0,4.0,4.0,4.0,4.0,4.0,4.0,4.0,4.0,6.0,84.0
서울시,은평구,녹번동,6.0,6.0,8.0,4.0,8.0,4.0,6.0,8.0,8.0,4.0,4.0,4.0,6.0,8.0,8.0,4.0,8.0,106.0
서울시,은평구,불광동,8.0,6.0,8.0,4.0,4.0,4.0,4.0,4.0,6.0,10.0,4.0,8.0,4.0,6.0,6.0,4.0,6.0,94.0
서울시,은평구,갈현동,4.0,8.0,8.0,4.0,6.0,4.0,10.0,8.0,4.0,4.0,4.0,4.0,6.0,6.0,6.0,4.0,10.0,106.0
서울시,은평구,구산동,6.0,8.0,8.0,4.0,6.0,4.0,10.0,4.0,8.0,4.0,4.0,4.0,6.0,4.0,4.0,4.0,8.0,98.0
서울시,은평구,대조동,4.0,10.0,8.0,4.0,8.0,4.0,8.0,8.0,4.0,4.0,4.0,4.0,8.0,6.0,6.0,4.0,10.0,110.0
서울시,은평구,응암동,4.0,8.0,8.0,10.0,8.0,4.0,6.0,4.0,4.0,4.0,4.0,4.0,6.0,8.0,8.0,4.0,10.0,110.0
서울시,은평구,역촌동,4.0,10.0,8.0,4.0,8.0,4.0,6.0,4.0,4.0,4.0,4.0,4.0,8.0,6.0,6.0,4.0,10.0,104.0
서울시,은평구,신사동,4.0,10.0,8.0,4.0,10.0,4.0,8.0,8.0,4.0,4.0,4.0,10.0,10.0,10.0,10.0,10.0,10.0,134.0
서울시,은평구,증산동,6.0,8.0,8.0,4.0,8.0,4.0,8.0,8.0,4.0,4.0,4.0,4.0,4.0,4.0,4.0,4.0,8.0,96.0
서울시,은평구,진관동,10.0,4.0,8.0,4.0,4.0,4.0,6.0,4.0,10.0,4.0,4.0,4.0,4.0,10.0,10.0,8.0,4.0,96.0
서울시,서대문구,충정로2가,8.0,6.0,4.0,4.0,4.0,4.0,8.0,4.0,4.0,4.0,4.0,4.0,10.0,4.0,4.0,4.0,6.0,84.0
서울시,서대문구,충정로3가,8.0,10.0,4.0,4.0,4.0,4.0,10.0,8.0,4.0,4.0,4.0,4.0,8.0,6.0,6.0,4.0,6.0,96.0
서울시,서대문구,합동,10.0,6.0,4.0,4.0,4.0,4.0,4.0,4.0,4.0,4.0,4.0,4.0,6.0,4.0,4.0,4.0,4.0,72.0
서울시,서대문구,미근동,10.0,8.0,4.0,4.0,4.0,4.0,4.0,4.0,4.0,4.0,4.0,4.0,10.0,4.0,4.0,4.0,4.0,78.0
서울시,서대문구,냉천동,10.0,6.0,4.0,4.0,4.0,4.0,6.0,4.0,4.0,4.0,4.0,4.0,6.0,4.0,4.0,4.0,4.0,74.0
서울시,서대문구,천연동,8.0,10.0,4.0,4.0,4.0,4.0,4.0,4.0,4.0,4.0,4.0,4.0,6.0,4.0,4.0,4.0,6.0,80.0
서울시,서대문구,옥천동,10.0,10.0,4.0,4.0,4.0,4.0,8.0,4.0,4.0,4.0,4.0,4.0,4.0,4.0,4.0,4.0,4.0,78.0
서울시,서대문구,영천동,10.0,6.0,4.0,4.0,4.0,4.0,10.0,4.0,4.0,4.0,4.0,4.0,4.0,4.0,4.0,4.0,4.0,76.0
서울시,서대문구,현저동,10.0,4.0,10.0,4.0,6.0,4.0,6.0,4.0,4.0,4.0,4.0,4.0,4.0,6.0,6.0,4.0,4.0,82.0
서울시,서대문구,북아현동,8.0,10.0,10.0,4.0,4.0,4.0,4.0,4.0,4.0,4.0,4.0,4.0,6.0,4.0,4.0,4.0,6.0,86.0
서울시,서대문구,홍제동,8.0,6.0,10.0,4.0,4.0,4.0,4.0,8.0,4.0,4.0,4.0,4.0,4.0,8.0,8.0,4.0,6.0,92.0
서울시,서대문구,대현동,10.0,6.0,10.0,4.0,8.0,4.0,8.0,4.0,4.0,4.0,4.0,4.0,10.0,8.0,8.0,8.0,4.0,102.0
서울시,서대문구,대신동,10.0,6.0,4.0,4.0,4.0,4.0,8.0,4.0,4.0,4.0,4.0,4.0,4.0,6.0,6.0,4.0,4.0,78.0
서울시,서대문구,신촌동,10.0,4.0,4.0,4.0,4.0,4.0,10.0,4.0,4.0,4.0,4.0,4.0,6.0,6.0,6.0,4.0,4.0,80.0
서울시,서대문구,봉원동,10.0,6.0,4.0,4.0,4.0,4.0,4.0,4.0,4.0,8.0,4.0,4.0,4.0,4.0,4.0,4.0,4.0,74.0
서울시,서대문구,창천동,8.0,10.0,10.0,4.0,8.0,8.0,10.0,4.0,4.0,4.0,4.0,4.0,10.0,6.0,6.0,4.0,6.0,108.0
서울시,서대문구,연희동,10.0,8.0,10.0,4.0,4.0,4.0,8.0,4.0,4.0,4.0,4.0,4.0,6.0,10.0,10.0,4.0,4.0,96.0
서울시,서대문구,홍은동,8.0,8.0,10.0,10.0,4.0,4.0,4.0,4.0,4.0,4.0,4.0,4.0,4.0,10.0,10.0,4.0,6.0,100.0
서울시,서대문구,북가좌동,8.0,4.0,10.0,4.0,6.0,4.0,8.0,4.0,4.0,4.0,4.0,4.0,6.0,8.0,8.0,4.0,6.0,94.0
서울시,서대문구,남가좌동,8.0,4.0,10.0,4.0,6.0,4.0,6.0,4.0,4.0,4.0,4.0,4.0,8.0,6.0,6.0,4.0,6.0,90.0
서울시,마포구,아현동,6.0,6.0,4.0,4.0,6.0,8.0,8.0,8.0,4.0,4.0,4.0,4.0,6.0,4.0,4.0,4.0,8.0,94.0
서울시,마포구,공덕동,6.0,8.0,4.0,4.0,4.0,8.0,6.0,8.0,4.0,4.0,4.0,4.0,8.0,4.0,4.0,4.0,8.0,94.0
서울시,마포구,신공덕동,8.0,4.0,4.0,4.0,4.0,4.0,8.0,4.0,4.0,4.0,4.0,4.0,8.0,4.0,4.0,4.0,6.0,80.0
서울시,마포구,도화동,6.0,6.0,6.0,4.0,8.0,4.0,10.0,8.0,4.0,4.0,4.0,4.0,8.0,6.0,6.0,4.0,8.0,102.0
서울시,마포구,용강동,6.0,6.0,4.0,4.0,4.0,4.0,8.0,4.0,4.0,4.0,4.0,4.0,6.0,4.0,4.0,4.0,8.0,84.0
서울시,마포구,토정동,8.0,4.0,4.0,4.0,4.0,4.0,4.0,4.0,4.0,4.0,4.0,4.0,4.0,4.0,4.0,4.0,6.0,72.0
서울시,마포구,마포동,8.0,4.0,6.0,4.0,8.0,4.0,4.0,4.0,4.0,4.0,4.0,4.0,4.0,4.0,4.0,4.0,6.0,78.0
서울시,마포구,대흥동,6.0,4.0,4.0,4.0,8.0,10.0,10.0,4.0,4.0,4.0,4.0,4.0,6.0,4.0,4.0,4.0,8.0,94.0
서울시,마포구,염리동,6.0,8.0,6.0,4.0,6.0,4.0,4.0,4.0,4.0,4.0,4.0,4.0,8.0,4.0,4.0,4.0,8.0,88.0
서울시,마포구,노고산동,6.0,6.0,4.0,4.0,4.0,10.0,10.0,8.0,4.0,4.0,4.0,4.0,10.0,6.0,6.0,4.0,8.0,104.0
서울시,마포구,신수동,6.0,10.0,6.0,4.0,6.0,4.0,6.0,4.0,4.0,4.0,4.0,4.0,8.0,4.0,4.0,4.0,8.0,92.0
서울시,마포구,현석동,8.0,4.0,4.0,4.0,4.0,4.0,4.0,4.0,4.0,4.0,4.0,4.0,4.0,4.0,4.0,4.0,6.0,72.0
서울시,마포구,구수동,4.0,4.0,4.0,4.0,4.0,4.0,10.0,4.0,4.0,4.0,4.0,4.0,10.0,4.0,4.0,4.0,10.0,92.0
서울시,마포구,창전동,8.0,4.0,4.0,4.0,8.0,8.0,10.0,4.0,4.0,4.0,4.0,4.0,6.0,4.0,4.0,4.0,6.0,88.0
서울시,마포구,상수동,8.0,4.0,4.0,4.0,8.0,4.0,8.0,4.0,4.0,4.0,4.0,4.0,8.0,4.0,4.0,4.0,6.0,84.0
서울시,마포구,하중동,10.0,4.0,4.0,4.0,4.0,4.0,10.0,4.0,4.0,4.0,4.0,4.0,4.0,4.0,4.0,4.0,4.0,74.0
서울시,마포구,신정동,4.0,10.0,8.0,10.0,10.0,10.0,10.0,10.0,10.0,4.0,4.0,10.0,10.0,10.0,10.0,4.0,10.0,150.0
서울시,마포구,당인동,10.0,4.0,6.0,4.0,4.0,4.0,4.0,4.0,4.0,4.0,4.0,4.0,4.0,4.0,4.0,4.0,4.0,70.0
서울시,마포구,서교동,6.0,10.0,4.0,4.0,6.0,4.0,8.0,4.0,4.0,4.0,4.0,4.0,10.0,8.0,8.0,4.0,8.0,102.0
서울시,마포구,동교동,6.0,6.0,6.0,4.0,8.0,4.0,10.0,8.0,4.0,4.0,8.0,4.0,10.0,10.0,10.0,4.0,8.0,116.0
서울시,마포구,합정동,8.0,6.0,6.0,4.0,6.0,4.0,8.0,4.0,4.0,4.0,4.0,4.0,6.0,4.0,4.0,4.0,6.0,84.0
서울시,마포구,망원동,8.0,4.0,6.0,4.0,6.0,6.0,4.0,4.0,4.0,4.0,4.0,4.0,8.0,6.0,6.0,4.0,6.0,86.0
서울시,마포구,연남동,6.0,10.0,6.0,4.0,6.0,4.0,4.0,4.0,4.0,4.0,4.0,4.0,10.0,4.0,4.0,4.0,8.0,92.0
서울시,마포구,성산동,8.0,6.0,6.0,4.0,6.0,6.0,8.0,8.0,4.0,4.0,4.0,4.0,6.0,10.0,10.0,4.0,6.0,102.0
서울시,마포구,중동,6.0,4.0,6.0,4.0,6.0,4.0,10.0,4.0,4.0,4.0,4.0,4.0,6.0,4.0,4.0,4.0,8.0,88.0
서울시,마포구,상암동,10.0,4.0,6.0,4.0,4.0,4.0,6.0,4.0,8.0,10.0,4.0,4.0,4.0,8.0,8.0,4.0,4.0,90.0
서울시,양천구,목동,10.0,6.0,8.0,10.0,8.0,4.0,8.0,8.0,10.0,8.0,10.0,10.0,6.0,10.0,10.0,4.0,4.0,128.0
서울시,양천구,신월동,8.0,6.0,8.0,10.0,8.0,4.0,6.0,4.0,10.0,4.0,4.0,8.0,4.0,8.0,8.0,4.0,6.0,108.0
서울시,강서구,염창동,10.0,6.0,4.0,4.0,4.0,4.0,6.0,4.0,4.0,4.0,4.0,8.0,6.0,4.0,4.0,4.0,4.0,78.0
서울시,강서구,등촌동,8.0,6.0,4.0,4.0,8.0,8.0,6.0,4.0,8.0,4.0,4.0,10.0,8.0,10.0,10.0,4.0,6.0,110.0
서울시,강서구,화곡동,6.0,8.0,4.0,10.0,8.0,4.0,6.0,10.0,10.0,4.0,4.0,10.0,6.0,10.0,10.0,4.0,8.0,124.0
서울시,강서구,가양동,10.0,4.0,4.0,4.0,8.0,8.0,8.0,4.0,10.0,4.0,4.0,8.0,4.0,6.0,6.0,4.0,4.0,94.0
서울시,강서구,마곡동,10.0,4.0,4.0,4.0,4.0,8.0,4.0,8.0,4.0,4.0,4.0,10.0,6.0,6.0,6.0,4.0,4.0,88.0
서울시,강서구,내발산동,8.0,6.0,4.0,4.0,8.0,4.0,6.0,4.0,6.0,4.0,4.0,4.0,6.0,4.0,4.0,4.0,6.0,84.0
서울시,강서구,외발산동,10.0,4.0,4.0,4.0,4.0,4.0,6.0,4.0,4.0,4.0,4.0,4.0,4.0,4.0,4.0,4.0,4.0,70.0
서울시,강서구,공항동,10.0,6.0,4.0,4.0,4.0,4.0,8.0,4.0,4.0,4.0,4.0,4.0,4.0,4.0,4.0,4.0,4.0,74.0
서울시,강서구,방화동,8.0,6.0,4.0,10.0,6.0,4.0,6.0,10.0,8.0,4.0,4.0,4.0,4.0,6.0,6.0,4.0,6.0,98.0
서울시,강서구,개화동,10.0,4.0,4.0,4.0,4.0,4.0,4.0,4.0,4.0,10.0,4.0,4.0,4.0,4.0,4.0,4.0,4.0,74.0
서울시,강서구,과해동,10.0,4.0,4.0,4.0,4.0,4.0,4.0,4.0,4.0,4.0,4.0,4.0,4.0,4.0,4.0,4.0,4.0,68.0
서울시,강서구,오곡동,10.0,4.0,4.0,4.0,4.0,4.0,4.0,4.0,4.0,4.0,4.0,4.0,4.0,4.0,4.0,4.0,4.0,68.0
서울시,강서구,오쇠동,10.0,4.0,4.0,4.0,4.0,4.0,4.0,4.0,4.0,4.0,4.0,4.0,4.0,4.0,4.0,4.0,4.0,68.0
서울시,구로구,신도림동,6.0,6.0,6.0,4.0,4.0,6.0,4.0,8.0,4.0,4.0,4.0,4.0,6.0,8.0,8.0,4.0,8.0,96.0
서울시,구로구,구로동,4.0,8.0,6.0,10.0,6.0,4.0,6.0,10.0,6.0,4.0,4.0,10.0,6.0,10.0,10.0,4.0,10.0,124.0
서울시,구로구,가리봉동,4.0,10.0,6.0,4.0,6.0,4.0,8.0,4.0,4.0,4.0,4.0,4.0,6.0,4.0,4.0,4.0,10.0,96.0
서울시,구로구,고척동,4.0,8.0,6.0,4.0,4.0,4.0,6.0,4.0,10.0,4.0,10.0,4.0,6.0,4.0,4.0,4.0,10.0,102.0
서울시,구로구,개봉동,4.0,8.0,6.0,4.0,4.0,4.0,8.0,4.0,8.0,4.0,4.0,8.0,6.0,8.0,8.0,4.0,10.0,108.0
서울시,구로구,오류동,4.0,6.0,6.0,4.0,4.0,4.0,10.0,4.0,6.0,4.0,4.0,4.0,4.0,4.0,4.0,4.0,10.0,92.0
서울시,구로구,궁동,8.0,6.0,4.0,4.0,4.0,4.0,6.0,4.0,4.0,4.0,4.0,4.0,4.0,4.0,4.0,4.0,6.0,76.0
서울시,구로구,온수동,6.0,6.0,6.0,4.0,4.0,4.0,8.0,4.0,8.0,4.0,4.0,4.0,4.0,4.0,4.0,4.0,8.0,88.0
서울시,구로구,천왕동,8.0,4.0,6.0,4.0,6.0,4.0,8.0,4.0,10.0,4.0,4.0,4.0,4.0,4.0,4.0,4.0,6.0,86.0
서울시,구로구,항동,10.0,4.0,6.0,4.0,4.0,4.0,8.0,4.0,10.0,4.0,4.0,4.0,4.0,4.0,4.0,4.0,4.0,80.0
서울시,금천구,가산동,8.0,6.0,10.0,4.0,4.0,8.0,10.0,4.0,4.0,4.0,10.0,4.0,8.0,8.0,8.0,4.0,6.0,108.0
서울시,금천구,독산동,4.0,8.0,10.0,10.0,8.0,4.0,8.0,4.0,10.0,4.0,8.0,8.0,6.0,6.0,6.0,4.0,10.0,124.0
서울시,금천구,시흥동,6.0,6.0,10.0,10.0,4.0,4.0,8.0,4.0,6.0,4.0,4.0,4.0,4.0,6.0,6.0,4.0,8.0,100.0
서울시,영등포구,영등포동,4.0,6.0,4.0,4.0,8.0,4.0,4.0,4.0,4.0,4.0,4.0,4.0,8.0,4.0,4.0,4.0,10.0,90.0
서울시,영등포구,영등포동1가,6.0,8.0,4.0,4.0,4.0,4.0,8.0,4.0,4.0,4.0,4.0,4.0,8.0,4.0,4.0,4.0,8.0,88.0
서울시,영등포구,영등포동2가,6.0,8.0,4.0,4.0,8.0,4.0,8.0,4.0,4.0,4.0,4.0,4.0,8.0,4.0,4.0,4.0,8.0,92.0
서울시,영등포구,영등포동3가,4.0,6.0,4.0,4.0,10.0,4.0,10.0,4.0,4.0,4.0,4.0,4.0,10.0,4.0,4.0,4.0,10.0,100.0
서울시,영등포구,영등포동4가,6.0,4.0,4.0,4.0,4.0,4.0,10.0,4.0,4.0,4.0,4.0,4.0,10.0,4.0,4.0,4.0,8.0,88.0
서울시,영등포구,영등포동5가,4.0,10.0,4.0,4.0,4.0,4.0,8.0,4.0,4.0,4.0,4.0,4.0,8.0,4.0,4.0,4.0,10.0,94.0
서울시,영등포구,영등포동6가,6.0,8.0,4.0,4.0,10.0,4.0,8.0,4.0,4.0,4.0,4.0,4.0,8.0,4.0,4.0,4.0,8.0,94.0
서울시,영등포구,영등포동7가,4.0,8.0,4.0,4.0,8.0,4.0,8.0,4.0,4.0,4.0,4.0,4.0,8.0,4.0,4.0,4.0,10.0,96.0
서울시,영등포구,영등포동8가,4.0,8.0,4.0,4.0,8.0,4.0,10.0,4.0,4.0,4.0,4.0,4.0,10.0,4.0,4.0,4.0,10.0,100.0
서울시,영등포구,여의도동,10.0,4.0,4.0,4.0,6.0,4.0,6.0,8.0,4.0,4.0,4.0,4.0,6.0,10.0,10.0,10.0,4.0,96.0
서울시,영등포구,당산동1가,4.0,10.0,4.0,4.0,4.0,4.0,8.0,4.0,4.0,4.0,4.0,4.0,10.0,4.0,4.0,4.0,10.0,96.0
서울시,영등포구,당산동2가,8.0,6.0,4.0,4.0,8.0,4.0,8.0,4.0,4.0,4.0,4.0,4.0,6.0,4.0,4.0,4.0,6.0,84.0
서울시,영등포구,당산동3가,6.0,8.0,4.0,4.0,6.0,4.0,6.0,8.0,4.0,4.0,4.0,4.0,8.0,4.0,4.0,4.0,8.0,92.0
서울시,영등포구,당산동4가,6.0,6.0,4.0,4.0,6.0,4.0,6.0,4.0,4.0,4.0,4.0,4.0,8.0,4.0,4.0,4.0,8.0,86.0
서울시,영등포구,당산동5가,8.0,4.0,4.0,4.0,10.0,4.0,8.0,4.0,4.0,4.0,4.0,4.0,8.0,4.0,4.0,4.0,6.0,86.0
서울시,영등포구,당산동6가,4.0,10.0,4.0,4.0,8.0,4.0,10.0,4.0,4.0,4.0,4.0,4.0,10.0,4.0,4.0,4.0,10.0,102.0
서울시,영등포구,당산동,10.0,4.0,4.0,4.0,4.0,4.0,6.0,4.0,4.0,4.0,4.0,4.0,4.0,4.0,4.0,4.0,4.0,70.0
서울시,영등포구,도림동,4.0,10.0,4.0,4.0,8.0,4.0,10.0,4.0,4.0,4.0,4.0,4.0,6.0,4.0,4.0,4.0,10.0,98.0
서울시,영등포구,문래동1가,4.0,10.0,4.0,4.0,8.0,4.0,8.0,4.0,4.0,4.0,4.0,4.0,6.0,4.0,4.0,4.0,10.0,96.0
서울시,영등포구,문래동2가,4.0,8.0,4.0,4.0,10.0,4.0,6.0,4.0,4.0,4.0,4.0,4.0,8.0,4.0,4.0,4.0,10.0,96.0
서울시,영등포구,문래동3가,8.0,6.0,4.0,4.0,6.0,4.0,6.0,4.0,4.0,4.0,4.0,4.0,8.0,4.0,4.0,4.0,6.0,82.0
서울시,영등포구,문래동4가,4.0,10.0,4.0,4.0,10.0,4.0,4.0,4.0,4.0,4.0,4.0,4.0,6.0,4.0,4.0,4.0,10.0,94.0
서울시,영등포구,문래동5가,8.0,6.0,4.0,4.0,6.0,4.0,4.0,4.0,4.0,4.0,4.0,4.0,4.0,4.0,4.0,4.0,6.0,76.0
서울시,영등포구,문래동6가,6.0,6.0,4.0,4.0,4.0,4.0,4.0,4.0,4.0,4.0,4.0,4.0,6.0,4.0,4.0,4.0,8.0,80.0
서울시,영등포구,양평동1가,4.0,10.0,4.0,4.0,10.0,4.0,8.0,4.0,4.0,4.0,4.0,4.0,8.0,4.0,4.0,4.0,10.0,100.0
서울시,영등포구,양평동2가,4.0,8.0,4.0,4.0,10.0,4.0,6.0,4.0,4.0,4.0,4.0,4.0,8.0,4.0,4.0,4.0,10.0,96.0
서울시,영등포구,양평동3가,4.0,6.0,4.0,4.0,8.0,4.0,4.0,4.0,4.0,4.0,4.0,4.0,8.0,4.0,4.0,4.0,10.0,90.0
서울시,영등포구,양평동4가,6.0,4.0,4.0,4.0,8.0,4.0,8.0,4.0,4.0,4.0,4.0,4.0,8.0,4.0,4.0,4.0,8.0,88.0
서울시,영등포구,양평동5가,4.0,8.0,4.0,4.0,10.0,4.0,6.0,4.0,4.0,4.0,4.0,4.0,8.0,4.0,4.0,4.0,10.0,96.0
서울시,영등포구,양평동6가,4.0,10.0,4.0,4.0,10.0,4.0,4.0,4.0,4.0,4.0,4.0,4.0,4.0,4.0,4.0,4.0,10.0,92.0
서울시,영등포구,양화동,10.0,4.0,4.0,4.0,4.0,4.0,4.0,4.0,4.0,4.0,4.0,4.0,4.0,4.0,4.0,4.0,4.0,68.0
서울시,영등포구,신길동,4.0,8.0,4.0,4.0,8.0,4.0,10.0,4.0,6.0,4.0,4.0,4.0,6.0,4.0,4.0,4.0,10.0,98.0
서울시,영등포구,대림동,4.0,10.0,4.0,10.0,10.0,4.0,6.0,4.0,4.0,4.0,4.0,4.0,6.0,4.0,4.0,4.0,10.0,102.0
서울시,영등포구,양평동,10.0,4.0,4.0,4.0,4.0,4.0,4.0,4.0,4.0,4.0,4.0,4.0,4.0,4.0,4.0,4.0,4.0,68.0
서울시,동작구,노량진동,6.0,8.0,10.0,4.0,4.0,4.0,6.0,4.0,4.0,4.0,4.0,4.0,8.0,6.0,6.0,4.0,8.0,96.0
서울시,동작구,상도동,6.0,8.0,10.0,4.0,4.0,4.0,6.0,8.0,4.0,4.0,4.0,10.0,6.0,8.0,8.0,4.0,8.0,108.0
서울시,동작구,상도1동,6.0,10.0,10.0,4.0,4.0,4.0,8.0,4.0,4.0,4.0,4.0,4.0,8.0,4.0,4.0,4.0,8.0,96.0
서울시,동작구,본동,8.0,6.0,10.0,4.0,4.0,8.0,8.0,4.0,4.0,4.0,4.0,4.0,4.0,4.0,4.0,4.0,6.0,88.0
서울시,동작구,흑석동,8.0,6.0,10.0,4.0,4.0,4.0,6.0,4.0,4.0,4.0,4.0,4.0,6.0,4.0,4.0,4.0,6.0,84.0
서울시,동작구,동작동,10.0,4.0,4.0,4.0,4.0,4.0,4.0,4.0,4.0,4.0,4.0,4.0,4.0,4.0,4.0,4.0,4.0,68.0
서울시,동작구,사당동,6.0,8.0,10.0,10.0,6.0,4.0,4.0,10.0,4.0,10.0,4.0,8.0,6.0,10.0,10.0,4.0,8.0,124.0
서울시,동작구,대방동,8.0,8.0,10.0,10.0,4.0,6.0,6.0,8.0,4.0,4.0,4.0,8.0,6.0,4.0,4.0,4.0,6.0,102.0
서울시,동작구,신대방동,6.0,8.0,10.0,4.0,4.0,4.0,4.0,4.0,4.0,4.0,4.0,4.0,6.0,4.0,4.0,4.0,8.0,88.0
서울시,관악구,봉천동,4.0,8.0,4.0,10.0,6.0,6.0,6.0,10.0,6.0,8.0,10.0,10.0,6.0,10.0,10.0,4.0,10.0,134.0
서울시,관악구,신림동,6.0,6.0,4.0,10.0,4.0,4.0,4.0,4.0,4.0,10.0,8.0,4.0,4.0,10.0,10.0,10.0,8.0,112.0
서울시,관악구,남현동,8.0,4.0,4.0,4.0,4.0,4.0,4.0,4.0,4.0,4.0,4.0,4.0,4.0,4.0,4.0,4.0,6.0,72.0
서울시,서초구,방배동,6.0,8.0,4.0,10.0,4.0,6.0,4.0,10.0,10.0,4.0,4.0,4.0,6.0,10.0,10.0,4.0,8.0,114.0
서울시,서초구,양재동,8.0,6.0,4.0,4.0,4.0,8.0,8.0,4.0,10.0,4.0,4.0,8.0,6.0,8.0,8.0,4.0,6.0,102.0
서울시,서초구,우면동,10.0,4.0,4.0,4.0,4.0,4.0,6.0,4.0,10.0,4.0,4.0,4.0,4.0,8.0,8.0,8.0,4.0,88.0
서울시,서초구,원지동,10.0,4.0,4.0,4.0,4.0,4.0,4.0,4.0,8.0,4.0,4.0,4.0,4.0,4.0,4.0,4.0,4.0,72.0
서울시,서초구,잠원동,8.0,6.0,4.0,4.0,4.0,4.0,6.0,8.0,4.0,4.0,4.0,4.0,6.0,8.0,8.0,4.0,6.0,90.0
서울시,서초구,반포동,8.0,6.0,4.0,10.0,4.0,8.0,6.0,8.0,8.0,10.0,4.0,4.0,6.0,10.0,10.0,4.0,6.0,114.0
서울시,서초구,서초동,6.0,6.0,4.0,10.0,4.0,10.0,8.0,10.0,6.0,4.0,4.0,4.0,8.0,10.0,10.0,10.0,8.0,124.0
서울시,서초구,내곡동,10.0,4.0,4.0,4.0,4.0,4.0,4.0,4.0,4.0,4.0,4.0,4.0,4.0,4.0,4.0,4.0,4.0,68.0
서울시,서초구,염곡동,10.0,4.0,4.0,4.0,4.0,4.0,4.0,4.0,4.0,4.0,4.0,4.0,4.0,4.0,4.0,4.0,4.0,68.0
서울시,서초구,신원동,10.0,4.0,4.0,4.0,4.0,4.0,10.0,4.0,10.0,4.0,4.0,4.0,4.0,4.0,4.0,4.0,4.0,80.0
서울시,강남구,역삼동,4.0,8.0,4.0,10.0,6.0,4.0,8.0,8.0,4.0,4.0,4.0,8.0,10.0,10.0,10.0,4.0,10.0,122.0
서울시,강남구,개포동,6.0,4.0,4.0,4.0,6.0,4.0,4.0,8.0,10.0,4.0,4.0,4.0,4.0,10.0,10.0,4.0,8.0,100.0
서울시,강남구,청담동,4.0,6.0,4.0,4.0,6.0,6.0,6.0,4.0,6.0,4.0,4.0,4.0,6.0,10.0,10.0,4.0,10.0,104.0
서울시,강남구,삼성동,4.0,6.0,4.0,10.0,6.0,6.0,6.0,10.0,4.0,4.0,10.0,8.0,8.0,10.0,10.0,4.0,10.0,126.0
서울시,강남구,대치동,4.0,6.0,4.0,4.0,4.0,4.0,8.0,10.0,8.0,4.0,8.0,4.0,8.0,10.0,10.0,8.0,10.0,120.0
서울시,강남구,논현동,4.0,8.0,4.0,10.0,4.0,6.0,10.0,10.0,4.0,4.0,4.0,10.0,10.0,10.0,10.0,4.0,10.0,128.0
서울시,강남구,압구정동,10.0,4.0,4.0,4.0,4.0,4.0,4.0,4.0,6.0,4.0,10.0,4.0,4.0,4.0,4.0,4.0,4.0,76.0
서울시,강남구,세곡동,8.0,4.0,4.0,4.0,4.0,4.0,6.0,4.0,8.0,4.0,4.0,4.0,4.0,4.0,4.0,4.0,6.0,78.0
서울시,강남구,자곡동,10.0,4.0,4.0,4.0,4.0,4.0,6.0,4.0,10.0,4.0,4.0,4.0,4.0,8.0,8.0,4.0,4.0,84.0
서울시,강남구,율현동,8.0,4.0,4.0,4.0,4.0,4.0,8.0,4.0,4.0,4.0,4.0,4.0,4.0,4.0,4.0,4.0,6.0,76.0
서울시,강남구,일원동,6.0,4.0,4.0,4.0,6.0,4.0,6.0,10.0,10.0,4.0,4.0,4.0,4.0,10.0,10.0,4.0,8.0,104.0
서울시,강남구,수서동,8.0,4.0,4.0,4.0,8.0,4.0,6.0,8.0,10.0,4.0,4.0,4.0,4.0,4.0,4.0,4.0,6.0,88.0
서울시,강남구,도곡동,4.0,6.0,4.0,4.0,6.0,4.0,8.0,10.0,10.0,4.0,4.0,8.0,8.0,8.0,8.0,4.0,10.0,116.0
서울시,송파구,잠실동,10.0,4.0,4.0,4.0,4.0,4.0,4.0,10.0,10.0,4.0,8.0,10.0,8.0,10.0,10.0,4.0,4.0,106.0
서울시,송파구,신천동,10.0,4.0,4.0,4.0,4.0,4.0,8.0,10.0,10.0,4.0,8.0,8.0,6.0,8.0,8.0,4.0,4.0,102.0
서울시,송파구,풍납동,10.0,6.0,4.0,4.0,4.0,4.0,6.0,4.0,6.0,4.0,4.0,8.0,4.0,4.0,4.0,4.0,4.0,78.0
서울시,송파구,송파동,8.0,8.0,4.0,4.0,6.0,6.0,6.0,4.0,6.0,4.0,4.0,8.0,8.0,4.0,4.0,4.0,6.0,92.0
서울시,송파구,석촌동,8.0,8.0,4.0,4.0,8.0,4.0,8.0,8.0,4.0,4.0,4.0,8.0,8.0,4.0,4.0,4.0,6.0,96.0
서울시,송파구,삼전동,8.0,8.0,4.0,4.0,6.0,4.0,6.0,4.0,4.0,4.0,4.0,4.0,8.0,4.0,4.0,4.0,6.0,84.0
서울시,송파구,가락동,10.0,4.0,4.0,4.0,8.0,6.0,6.0,10.0,10.0,4.0,4.0,10.0,6.0,6.0,6.0,4.0,4.0,100.0
서울시,송파구,문정동,10.0,4.0,4.0,4.0,8.0,4.0,6.0,4.0,10.0,4.0,8.0,8.0,8.0,6.0,6.0,4.0,4.0,96.0
서울시,송파구,장지동,10.0,4.0,4.0,10.0,6.0,4.0,10.0,10.0,6.0,8.0,4.0,4.0,4.0,6.0,6.0,4.0,4.0,98.0
서울시,송파구,방이동,10.0,6.0,4.0,4.0,6.0,4.0,6.0,10.0,8.0,4.0,4.0,8.0,6.0,10.0,10.0,10.0,4.0,108.0
서울시,송파구,오금동,10.0,4.0,4.0,4.0,10.0,4.0,10.0,8.0,10.0,4.0,4.0,4.0,6.0,4.0,4.0,4.0,4.0,92.0
서울시,송파구,거여동,10.0,4.0,4.0,4.0,6.0,4.0,8.0,4.0,8.0,4.0,4.0,8.0,4.0,4.0,4.0,4.0,4.0,82.0
서울시,송파구,마천동,8.0,4.0,4.0,4.0,10.0,4.0,6.0,4.0,6.0,4.0,4.0,4.0,6.0,4.0,4.0,4.0,6.0,84.0
서울시,강동구,명일동,8.0,6.0,6.0,4.0,8.0,8.0,8.0,8.0,6.0,4.0,4.0,10.0,8.0,4.0,4.0,4.0,6.0,104.0
서울시,강동구,고덕동,10.0,4.0,6.0,4.0,6.0,4.0,10.0,4.0,10.0,4.0,4.0,4.0,4.0,6.0,6.0,4.0,4.0,88.0
서울시,강동구,상일동,10.0,4.0,6.0,4.0,6.0,4.0,8.0,8.0,6.0,4.0,4.0,4.0,4.0,4.0,4.0,4.0,4.0,82.0
서울시,강동구,길동,8.0,8.0,6.0,4.0,6.0,4.0,6.0,4.0,4.0,4.0,8.0,8.0,6.0,4.0,4.0,4.0,6.0,92.0
서울시,강동구,둔촌동,10.0,6.0,6.0,10.0,4.0,4.0,6.0,10.0,4.0,4.0,4.0,4.0,4.0,4.0,4.0,4.0,4.0,86.0
서울시,강동구,암사동,10.0,6.0,6.0,4.0,4.0,4.0,4.0,4.0,4.0,4.0,4.0,8.0,4.0,6.0,6.0,4.0,4.0,80.0
서울시,강동구,성내동,6.0,8.0,6.0,4.0,6.0,4.0,6.0,4.0,4.0,4.0,4.0,8.0,8.0,8.0,8.0,4.0,8.0,102.0
서울시,강동구,천호동,6.0,8.0,6.0,4.0,6.0,4.0,6.0,10.0,4.0,4.0,8.0,8.0,8.0,8.0,8.0,4.0,8.0,112.0
서울시,강동구,강일동,10.0,4.0,6.0,4.0,6.0,6.0,8.0,4.0,4.0,4.0,4.0,4.0,4.0,4.0,4.0,4.0,4.0,78.0
